"DESCRIPTION","DURATION IN MS","NAME","PARENT SUITE","START TIME","STATUS","STOP TIME","SUB SUITE","SUITE","TEST CLASS","TEST METHOD"
"","179","GetCompanies_ReturnsWithinAcceptableTime","Company","2026-09-28","passed","2026-09-28","","","CompanyTests","GetCompanies_ReturnsWithinAcceptableTime"
"","176","PostServer_WithoutAuth_ReturnsUnauthorized","Server","2026-09-28","passed","2026-09-28","","","ServerApiTests","PostServer_WithoutAuth_ReturnsUnauthorized"
"Non-existent server ID
","133","GetCompanies_WithInvalidServerId_ReturnsEmptyArray","Company","2026-09-28","passed","2026-09-28","","","CompanyTests","GetCompanies_WithInvalidServerId_ReturnsEmptyArray"
"","264","PostServer_InvalidKeyBelowMinimum_ReturnsBadRequest","Server","2026-09-28","passed","2026-09-28","","","ServerApiTests","PostServer_InvalidKeyBelowMinimum_ReturnsBadRequest"
"","219","PostServer_ValidData_ReturnsCreatedWithMatchingFields","Server","2026-09-28","passed","2026-09-28","","","ServerApiTests","PostServer_ValidData_ReturnsCreatedWithMatchingFields"
"","161","GetServers_WithoutAuth_ReturnsUnauthorized","Server","2026-09-28","passed","2026-09-28","","","ServerApiTests","GetServers_WithoutAuth_ReturnsUnauthorized"
"","112","UnauthenticatedRequest_ToProtectedEndpoint_ReturnsUnauthorized","Login","2026-09-28","passed","2026-09-28","","","LoginTests","UnauthenticatedRequest_ToProtectedEndpoint_ReturnsUnauthorized"
"","306","GetCompanies_AuthenticatedRequestValidatesSchema","Company","2026-09-28","passed","2026-09-28","","","CompanySchemaTests","GetCompanies_AuthenticatedRequestValidatesSchema"
"","182","GetCompanies_ReturnsValidCompanyStructure","Company","2026-09-28","passed","2026-09-28","","","CompanyTests","GetCompanies_ReturnsValidCompanyStructure"
"","156","GetCompanies_WithValidServerId_ReturnsCompanies","Company","2026-09-28","passed","2026-09-28","","","CompanyTests","GetCompanies_WithValidServerId_ReturnsCompanies"
"Zero server ID
","119","GetCompanies_WithInvalidServerId_ReturnsEmptyArray","Company","2026-09-28","passed","2026-09-28","","","CompanyTests","GetCompanies_WithInvalidServerId_ReturnsEmptyArray"
"","165","PostServer_MissingRequiredName_ReturnsBadRequest","Server","2026-09-28","passed","2026-09-28","","","ServerApiTests","PostServer_MissingRequiredName_ReturnsBadRequest"
"","456","Login_WithValidCredentials_ReturnsToken","Login","2026-09-28","passed","2026-09-28","","","LoginTests","Login_WithValidCredentials_ReturnsToken"
"","153","GetServers_WithValidAuth_ReturnsOkAndValidSchema","Server","2026-09-28","passed","2026-09-28","","","ServerApiTests","GetServers_WithValidAuth_ReturnsOkAndValidSchema"
"","152","GetCompanies_WithoutAuthentication_ReturnsUnauthorized","Company","2026-09-28","passed","2026-09-28","","","CompanyTests","GetCompanies_WithoutAuthentication_ReturnsUnauthorized"
